{"cameraMode":{"drawMode":0,"name":"Shaded","section":"Shading Mode"},"sceneLighting":true,"audioPlay":false,"sceneViewState":{"m_AlwaysRefresh":false,"showFog":true,"showSkybox":true,"showFlares":true,"showImageEffects":true,"showParticleSystems":true,"showVisualEffectGraphs":true,"m_FxEnabled":true},"in2DMode":false,"pivot":{"x":-10.448761940002442,"y":-22.399168014526368,"z":-0.24588489532470704},"rotation":{"x":-0.21920379996299745,"y":0.7803648710250855,"z":-0.39916113018989565,"w":-0.4285462200641632},"size":55.170127868652347,"orthographic":false}